Policy Name,Target Age Group,Marital Status,Income Status,Coverage Limit,Company Name
StarGuard,18-30,Single,Low,$10,000,SecureLife,LifeCorp
FuturePlan,31-45,Married,Medium,$25,000,PrimeAssure,TrustInsure
SafeHaven,46-60,Single,High,$50,000,GlobalCoverage,WorldSecure
ElderCare,61+,Widowed,Low,$15,000,LifeGuard,SeniorCare
YoungProtect,18-30,Married,Medium,$20,000,FutureSafe,NextGen
MaxShield,31-45,Single,High,$40,000,UltraSecure,ShieldCo
BasicCover,46-60,Married,Low,$12,000,SecureLife,LifeCorp
GoldenYears,61+,Single,Medium,$18,000,PrimeAssure,TrustInsure
NewHorizon,18-30,Widowed,High,$30,000,GlobalCoverage,WorldSecure
SmartChoice,31-45,Divorced,Medium,$22,000,LifeGuard,SeniorCare
OptiGuard,46-60,Married,High,$45,000,FutureSafe,NextGen
ClassicCover,61+,Divorced,Low,$14,000,UltraSecure,ShieldCo
QuickPlan,18-30,Single,Medium,$16,000,SecureLife,LifeCorp
FutureShield,31-45,Married,High,$35,000,GlobalCoverage,WorldSecure
LifePath,46-60,Widowed,Medium,$25,000,PrimeAssure,TrustInsure
EliteCare,61+,Married,High,$55,000,LifeGuard,SeniorCare
NewLeaf,18-30,Divorced,Low,$12,000,UltraSecure,ShieldCo
PrimeProtect,31-45,Single,Medium,$21,000,FutureSafe,NextGen
GoldGuard,46-60,Divorced,High,$50,000,SecureLife,LifeCorp
SilverShield,61+,Widowed,Medium,$20,000,GlobalCoverage,WorldSecure
YoungSecure,18-30,Married,High,$28,000,LifeGuard,SeniorCare
SilverShield,61,Widowed,Medium,$20,000,GlobalCoverage,WorldSecure
GoldGuard,45,Male,Single,$30,000,GlobalCoverage,SafeNet
PlatinumProtect,55,Female,Married,$25,000,RegionalCoverage,ShieldPlus
TitanCoverage,60,Widowed,Medium,$40,000,GlobalCoverage,SecureWorld
IronShield,35,Married,Medium,$15,000,LocalCoverage,ProtectNet
BronzeBarrier,50,Single,High,$35,000,RegionalCoverage,SafeGuard
EliteDefense,42,Married,High,$50,000,GlobalCoverage,ShieldGuard
ApexCoverage,65,Widowed,Medium,$22,000,RegionalCoverage,WorldSafe
ZenithShield,30,Single,Low,$10,000,LocalCoverage,SecureNet
ApexSecure,47,Married,Medium,$18,000,GlobalCoverage,SafeGuard
ValorShield,55,Widowed,High,$45,000,GlobalCoverage,SecureWorld
PrimeProtect,60,Single,Medium,$28,000,RegionalCoverage,SafeNet
SentinelCoverage,48,Married,High,$38,000,GlobalCoverage,ShieldPlus
NovaGuard,53,Widowed,Medium,$20,000,RegionalCoverage,WorldSecure
HorizonShield,40,Single,Low,$12,000,LocalCoverage,ProtectNet
GuardianElite,62,Married,Medium,$32,000,GlobalCoverage,SafeGuard
ZenithCoverage,37,Widowed,High,$42,000,RegionalCoverage,ShieldGuard
TitanShield,52,Single,Medium,$24,000,GlobalCoverage,SecureNet
ApexProtect,49,Married,High,$30,000,RegionalCoverage,SafeNet
StellarGuard,59,Widowed,Medium,$21,000,GlobalCoverage,WorldSafe
PrimeShield,44,Single,Low,$11,000,LocalCoverage,SecureWorld
EliteSecure,58,Married,Medium,$27,000,GlobalCoverage,ShieldGuard
HorizonCoverage,33,Single,Low,$13,000,LocalCoverage,SafeGuard
VanguardShield,51,Widowed,High,$36,000,RegionalCoverage,WorldSecure
ProtectorPlus,64,Married,Medium,$31,000,GlobalCoverage,ShieldNet
ValorCoverage,46,Single,Medium,$23,000,RegionalCoverage,SafeNet
TitanGuard,54,Widowed,High,$40,000,GlobalCoverage,SecureWorld
EliteBarrier,38,Married,Low,$14,000,LocalCoverage,ShieldGuard
GuardianShield,43,Widowed,Medium,$26,000,RegionalCoverage,SafeGuard
ZenithProtect,57,Single,High,$29,000,GlobalCoverage,SecureNet
NovaSecure,49,Married,Medium,$18,000,RegionalCoverage,ShieldPlus
ValorNet,39,Widowed,Medium,$20,000,LocalCoverage,SafeNet
StellarCoverage,56,Single,Low,$15,000,GlobalCoverage,WorldSafe
PrimeGuard,41,Married,High,$34,000,RegionalCoverage,SecureWorld
HorizonProtect,48,Widowed,Medium,$21,000,LocalCoverage,ShieldNeld
SummitShield,54,Widowed,Medium,$23,000,GlobalCoverage,SafeGuard
ValorGuard,37,Married,High,$31,000,RegionalCoverage,ShieldNet
VanguardCoverage,45,Single,Medium,$20,000,LocalCoverage,SecureWorld
PrimeSecure,60,Widowed,High,$42,000,GlobalCoverage,WorldSafe
ZenithNet,52,Married,Low,$14,000,RegionalCoverage,ShieldPlus
TitanProtect,33,Single,Medium,$17,000,LocalCoverage,SafeNet
EliteGuard,46,Widowed,High,$38,000,GlobalCoverage,SecureWorld
GuardianCoverage,59,Married,Medium,$25,000,RegionalCoverage,WorldSecure
HorizonNet,41,Single,Low,$12,000,GlobalCoverage,ProtectNet
SentinelShield,63,Widowed,Medium,$30,000,RegionalCoverage,ShieldGuard
NovaProtect,50,Married,High,$29,000,LocalCoverage,SecureNet
ValorSecure,36,Single,Medium,$22,000,GlobalCoverage,SafeNet
SummitCoverage,44,Widowed,High,$39,000,RegionalCoverage,WorldSafe
PrimeNet,58,Married,Medium,$26,000,GlobalCoverage,ShieldGuard
ZenithGuard,53,Single,Low,$13,000,LocalCoverage,SecureWorld
VanguardShield,42,Widowed,High,$41,000,RegionalCoverage,SafeGuard
TitanNet,31,Married,Medium,$18,000,GlobalCoverage,WorldSecure
EliteCoverage,57,Single,Medium,$24,000,RegionalCoverage,ShieldPlus
GuardianNet,48,Widowed,High,$34,000,LocalCoverage,SecureNet
SummitProtect,50,Married,Medium,$28,000,GlobalCoverage,SafeGuard
HorizonSecure,40,Single,Low,$16,000,RegionalCoverage,ShieldGuard
PinnacleShield,62,Widowed,High,$44,000,GlobalCoverage,SafeNet
SummitGuard,49,Married,Medium,$27,000,RegionalCoverage,WorldSecure
ValorNet,54,Single,High,$35,000,LocalCoverage,SecureWorld
GuardianProtect,55,Married,Medium,$22,000,GlobalCoverage,ShieldGuard
ZenithCoverage,48,Widowed,High,$30,000,RegionalCoverage,SafeGuard
EliteShield,38,Single,Low,$12,000,LocalCoverage,WorldSafe
PrimeGuard,46,Married,Medium,$29,000,GlobalCoverage,SecureNet
SentinelSecure,53,Widowed,High,$37,000,RegionalCoverage,ShieldPlus
TitanCoverage,42,Single,Medium,$20,000,LocalCoverage,SafeGuard
NovaNet,59,Married,Medium,$26,000,GlobalCoverage,SecureWorld
ValorCoverage,37,Single,Low,$11,000,RegionalCoverage,WorldSafe
GuardianNet,51,Widowed,High,$39,000,GlobalCoverage,ShieldGuard
ZenithProtect,40,Married,Medium,$23,000,LocalCoverage,SafeNet
EliteNet,63,Single,High,$41,000,RegionalCoverage,SecureWorld
PrimeCoverage,56,Married,Medium,$28,000,GlobalCoverage,SafeGuard
SummitSecure,49,Widowed,Low,$15,000,LocalCoverage,WorldSecure
TitanGuard,57,Single,High,$34,000,RegionalCoverage,ShieldPlus
GuardianShield,44,Married,Medium,$24,000,GlobalCoverage,SecureNet
ZenithNet,50,Widowed,Medium,$22,000,RegionalCoverage,SafeGuard
EliteCoverage,36,Single,Low,$13,000,LocalCoverage,SecureWorld
PinnacleProtect,45,Married,High,$32,000,GlobalCoverage,ShieldGuard
SummitNet,55,Widowed,Medium,$27,000,RegionalCoverage,WorldSecure
ValorShield,58,Single,High,$38,000,LocalCoverage,SafeNet
GuardianCoverage,52,Married,Medium,$21,000,GlobalCoverage,SecureWorld
PrimeNet,41,Widowed,Low,$14,000,RegionalCoverage,SafeGuard
ZenithSecure,48,Single,Medium,$20,000,LocalCoverage,ShieldNet
SummitProtect,53,Married,High,$29,000,GlobalCoverage,WorldSafe
TitanSecure,46,Widowed,Medium,$24,000,RegionalCoverage,ShieldGuard
GuardianNet,37,Single,High,$33,000,LocalCoverage,SecureNet
EliteShield,55,Married,Medium,$26,000,GlobalCoverage,SafeGuard
PinnacleCoverage,60,Widowed,Low,$16,000,RegionalCoverage,WorldSecure
SummitGuard,39,Single,Medium,$22,000,LocalCoverage,SafeNet
ValorProtect,43,Married,High,$35,000,GlobalCoverage,ShieldPlus
ZenithCoverage,51,Widowed,Medium,$23,000,RegionalCoverage,SecureWorld
EliteNet,47,Single,Low,$12,000,LocalCoverage,SafeGuard
GuardianProtect,54,Married,Medium,$28,000,GlobalCoverage,ShieldNet
PinnacleNet,49,Widowed,High,$37,000,RegionalCoverage,WorldSafe
SummitSecure,46,Single,Medium,$21,000,LocalCoverage,SafeNet
TitanCoverage,57,Married,High,$40,000,GlobalCoverage,SecureWorld
PinnacleGuard,30,Married,Low,$15,000,SecureLife,LifeCorp
ApexPlan,34,Single,Medium,$19,000,PrimeAssure,TrustInsure
SilverNet,50,Divorced,High,$45,000,GlobalCoverage,WorldSecure
NovaBarrier,45,Married,Low,$14,000,LifeGuard,SeniorCare
FutureSecure,28,Single,High,$32,000,FutureSafe,NextGen
TitanElite,62,Widowed,Medium,$25,000,UltraSecure,ShieldCo
ValorPlan,33,Single,Low,$11,000,SecureLife,LifeCorp
GuardianPrime,48,Married,High,$38,000,PrimeAssure,TrustInsure
EliteCoverage,52,Divorced,Medium,$21,000,GlobalCoverage,WorldSecure
ApexProtect,39,Single,Low,$13,000,LifeGuard,SeniorCare
PrimeBarrier,60,Widowed,High,$40,000,FutureSafe,NextGen
SentinelGuard,36,Married,Medium,$24,000,UltraSecure,ShieldCo
HorizonNet,25,Single,Low,$10,000,SecureLife,LifeCorp
ZenithPrime,47,Married,High,$33,000,PrimeAssure,TrustInsure
ElitePlan,55,Divorced,Medium,$22,000,GlobalCoverage,WorldSecure
NovaShield,32,Single,Low,$12,000,LifeGuard,SeniorCare
ApexElite,61,Widowed,High,$44,000,FutureSafe,NextGen
TitanPlan,41,Married,Medium,$27,000,UltraSecure,ShieldCo
ValorGuard,29,Single,Low,$11,000,SecureLife,LifeCorp
PrimeSecure,49,Married,High,$36,000,PrimeAssure,TrustInsure
GuardianNet,58,Divorced,Medium,$20,000,GlobalCoverage,WorldSecure
TitanBarrier,33,Single,Low,$14,000,LifeGuard,SeniorCare
EliteGuard,53,Widowed,High,$41,000,FutureSafe,NextGen
SentinelPrime,46,Married,Medium,$23,000,UltraSecure,ShieldCo
HorizonPlan,27,Single,Low,$12,000,SecureLife,LifeCorp
ZenithGuard,50,Married,High,$35,000,PrimeAssure,TrustInsure
EliteNet,38,Divorced,Medium,$21,000,GlobalCoverage,WorldSecure
NovaPlan,44,Single,Low,$13,000,LifeGuard,SeniorCare
ApexBarrier,56,Widowed,High,$43,000,FutureSafe,NextGen
TitanGuard,39,Married,Medium,$26,000,UltraSecure,ShieldCo
OptimaShield,29,Single,Medium,$18,000,PrimeAssure,TrustInsure
SecureCare,34,Married,High,$32,000,GlobalCoverage,WorldSecure
LifeGuardPlus,52,Widowed,Low,$14,000,LifeGuard,SeniorCare
FutureElite,47,Single,Medium,$25,000,FutureSafe,NextGen
PrimeChoice,50,Married,High,$38,000,UltraSecure,ShieldCo
GuardianPrime,61,Divorced,Medium,$20,000,SecureLife,LifeCorp
HorizonGuard,43,Single,Low,$12,000,PrimeAssure,TrustInsure
TitanSecure,35,Married,High,$35,000,GlobalCoverage,WorldSecure
EliteCoverage,58,Widowed,Medium,$28,000,LifeGuard,SeniorCare
ValorPlan,29,Single,Low,$11,000,FutureSafe,NextGen
OptimaNet,46,Married,High,$40,000,UltraSecure,ShieldCo
SecurePrime,33,Divorced,Medium,$22,000,SecureLife,LifeCorp
LifeShield,41,Single,Low,$14,000,PrimeAssure,TrustInsure
FutureGuard,56,Widowed,High,$45,000,GlobalCoverage,WorldSecure
PrimeProtect,39,Married,Medium,$26,000,LifeGuard,SeniorCare
OptimaChoice,31,Single,Low,$12,000,FutureSafe,NextGen
SecureElite,49,Married,High,$37,000,UltraSecure,ShieldCo
HorizonPrime,53,Widowed,Medium,$21,000,SecureLife,LifeCorp
TitanGuard,45,Single,Low,$13,000,PrimeAssure,TrustInsure
EliteShield,37,Married,High,$34,000,GlobalCoverage,WorldSecure
FutureNet,42,Widowed,Medium,$23,000,LifeGuard,SeniorCare
PrimeSecure,60,Single,Low,$10,000,FutureSafe,NextGen
OptimaPlan,38,Married,High,$36,000,UltraSecure,ShieldCo
SecureGuard,29,Divorced,Medium,$19,000,SecureLife,LifeCorp
LifeElite,47,Single,Low,$11,000,PrimeAssure,TrustInsure
HorizonChoice,55,Married,High,$39,000,GlobalCoverage,WorldSecure
TitanPrime,36,Widowed,Medium,$24,000,LifeGuard,SeniorCare
ValorNet,50,Single,Low,$12,000,FutureSafe,NextGen
OptimaGuard,32,Married,High,$33,000,UltraSecure,ShieldCo
SecureChoice,48,Divorced,Medium,$20,000,SecureLife,LifeCorp
PinnaclePlan,27,Single,Low,$14,000,PrimeAssure,TrustInsure
SummitPrime,52,Married,High,$39,000,GlobalCoverage,WorldSecure
TitanNet,45,Divorced,Medium,$23,000,LifeGuard,SeniorCare
EliteBarrier,38,Single,Low,$13,000,FutureSafe,NextGen
GuardianElite,56,Married,High,$36,000,UltraSecure,ShieldCo
ValorSecure,60,Widowed,Medium,$30,000,SecureLife,LifeCorp
ZenithGuard,41,Single,Low,$11,000,PrimeAssure,TrustInsure
HorizonShield,47,Married,High,$35,000,GlobalCoverage,WorldSecure
PrimeProtect,28,Divorced,Medium,$19,000,LifeGuard,SeniorCare
OptimaNet,34,Single,Low,$12,000,FutureSafe,NextGen
SecurePrime,54,Married,High,$38,000,UltraSecure,ShieldCo
LifeGuard,43,Widowed,Medium,$24,000,SecureLife,LifeCorp
FutureChoice,39,Single,Low,$14,000,PrimeAssure,TrustInsure
PrimeShield,50,Married,High,$41,000,GlobalCoverage,WorldSecure
GuardianNet,37,Divorced,Medium,$20,000,LifeGuard,SeniorCare
TitanElite,62,Single,Low,$15,000,FutureSafe,NextGen
EliteGuard,33,Married,High,$33,000,UltraSecure,ShieldCo
ValorPlan,48,Widowed,Medium,$27,000,SecureLife,LifeCorp
ZenithCoverage,51,Single,Low,$10,000,PrimeAssure,TrustInsure
HorizonNet,30,Married,High,$34,000,GlobalCoverage,WorldSecure
PrimeChoice,44,Divorced,Medium,$21,000,LifeGuard,SeniorCare
OptimaShield,36,Single,Low,$12,000,FutureSafe,NextGen
SecureGuard,59,Married,High,$37,000,UltraSecure,ShieldCo
LifeNet,40,Widowed,Medium,$25,000,SecureLife,LifeCorp
FutureSecure,29,Single,Low,$11,000,PrimeAssure,TrustInsure
PrimeElite,45,Married,High,$36,000,GlobalCoverage,WorldSecure
GuardianShield,50,Divorced,Medium,$22,000,LifeGuard,SeniorCare
TitanPlan,49,Single,Low,$13,000,FutureSafe,NextGen
EliteSecure,31,Married,High,$32,000,UltraSecure,ShieldCo
ValorGuard,60,Widowed,Medium,$28,000,SecureLife,LifeCorp
PinnaclePlan,27,Single,Low,$14,000,PrimeAssure,TrustInsure
SummitPrime,52,Married,High,$39,000,GlobalCoverage,WorldSecure
TitanNet,45,Divorced,Medium,$23,000,LifeGuard,SeniorCare
EliteBarrier,38,Single,Low,$13,000,FutureSafe,NextGen
GuardianElite,56,Married,High,$36,000,UltraSecure,ShieldCo
ValorSecure,60,Widowed,Medium,$30,000,SecureLife,LifeCorp
ZenithGuard,41,Single,Low,$11,000,PrimeAssure,TrustInsure
HorizonShield,47,Married,High,$35,000,GlobalCoverage,WorldSecure
PrimeProtect,28,Divorced,Medium,$19,000,LifeGuard,SeniorCare
OptimaNet,34,Single,Low,$12,000,FutureSafe,NextGen
SecurePrime,54,Married,High,$38,000,UltraSecure,ShieldCo
LifeGuard,43,Widowed,Medium,$24,000,SecureLife,LifeCorp
FutureChoice,39,Single,Low,$14,000,PrimeAssure,TrustInsure
PrimeShield,50,Married,High,$41,000,GlobalCoverage,WorldSecure
GuardianNet,37,Divorced,Medium,$20,000,LifeGuard,SeniorCare
TitanElite,62,Single,Low,$15,000,FutureSafe,NextGen
EliteGuard,33,Married,High,$33,000,UltraSecure,ShieldCo
ValorPlan,48,Widowed,Medium,$27,000,SecureLife,LifeCorp
ZenithCoverage,51,Single,Low,$10,000,PrimeAssure,TrustInsure
HorizonNet,30,Married,High,$34,000,GlobalCoverage,WorldSecure
PrimeChoice,44,Divorced,Medium,$21,000,LifeGuard,SeniorCare
OptimaShield,36,Single,Low,$12,000,FutureSafe,NextGen
SecureGuard,59,Married,High,$37,000,UltraSecure,ShieldCo
LifeNet,40,Widowed,Medium,$25,000,SecureLife,LifeCorp
FutureSecure,29,Single,Low,$11,000,PrimeAssure,TrustInsure
PrimeElite,45,Married,High,$36,000,GlobalCoverage,WorldSecure
GuardianShield,50,Divorced,Medium,$22,000,LifeGuard,SeniorCare
TitanPlan,49,Single,Low,$13,000,FutureSafe,NextGen
EliteSecure,31,Married,High,$32,000,UltraSecure,ShieldCo
ValorGuard,60,Widowed,Medium,$28,000,SecureLife,LifeCorp
PinnacleSecure,35,Single,Medium,$19,000,PrimeAssure,TrustInsure
SummitCoverage,50,Married,High,$42,000,GlobalCoverage,WorldSecure
TitanPlan,38,Divorced,Low,$16,000,LifeGuard,SeniorCare
EliteGuard,27,Single,Medium,$18,000,FutureSafe,NextGen
GuardianSecure,60,Married,High,$40,000,UltraSecure,ShieldCo
ValorPlan,33,Widowed,Low,$14,000,SecureLife,LifeCorp
ZenithElite,45,Single,Medium,$22,000,PrimeAssure,TrustInsure
HorizonGuard,52,Married,High,$39,000,GlobalCoverage,WorldSecure
PrimeBarrier,41,Divorced,Low,$13,000,LifeGuard,SeniorCare
OptimaNet,47,Single,Medium,$20,000,FutureSafe,NextGen
SecureShield,56,Married,High,$35,000,UltraSecure,ShieldCo
LifeGuard,36,Widowed,Low,$12,000,SecureLife,LifeCorp
FutureChoice,48,Single,Medium,$21,000,PrimeAssure,TrustInsure
PrimeShield,53,Married,High,$38,000,GlobalCoverage,WorldSecure
GuardianNet,39,Divorced,Low,$15,000,LifeGuard,SeniorCare
TitanElite,61,Single,Medium,$24,000,FutureSafe,NextGen
EliteGuard,34,Married,High,$32,000,UltraSecure,ShieldCo
ValorSecure,29,Widowed,Low,$13,000,SecureLife,LifeCorp
ZenithCoverage,49,Single,Medium,$20,000,PrimeAssure,TrustInsure
HorizonNet,37,Married,High,$36,000,GlobalCoverage,WorldSecure
PrimeChoice,42,Divorced,Low,$14,000,LifeGuard,SeniorCare
OptimaShield,46,Single,Medium,$22,000,FutureSafe,NextGen
SecureGuard,58,Married,High,$33,000,UltraSecure,ShieldCo
LifeNet,31,Widowed,Low,$11,000,SecureLife,LifeCorp
FutureSecure,43,Single,Medium,$19,000,PrimeAssure,TrustInsure
PrimeElite,51,Married,High,$37,000,GlobalCoverage,WorldSecure
GuardianShield,40,Divorced,Low,$12,000,LifeGuard,SeniorCare
TitanPlan,55,Single,Medium,$23,000,FutureSafe,NextGen
EliteSecure,32,Married,High,$34,000,UltraSecure,ShieldCo
ValorGuard,44,Widowed,Low,$14,000,SecureLife,LifeCorp
ZenithGuard,59,Single,Medium,$21,000,PrimeAssure,TrustInsure
HorizonShield,36,Married,High,$35,000,GlobalCoverage,WorldSecure
PrimeProtect,57,Divorced,Low,$15,000,LifeGuard,SeniorCare
OptimaNet,38,Single,Medium,$18,000,FutureSafe,NextGen
SecurePrime,50,Married,High,$39,000,UltraSecure,ShieldCo
LifeGuard,41,Widowed,Low,$13,000,SecureLife,LifeCorp
FutureChoice,46,Single,Medium,$22,000,PrimeAssure,TrustInsure
PrimeShield,54,Married,High,$36,000,GlobalCoverage,WorldSecure
GuardianNet,39,Divorced,Low,$14,000,LifeGuard,SeniorCare
TitanElite,62,Single,Medium,$20,000,FutureSafe,NextGen
EliteGuard,33,Married,High,$34,000,UltraSecure,ShieldCo
ValorPlan,47,Widowed,Low,$12,000,SecureLife,LifeCorp
ZenithCoverage,52,Single,Medium,$21,000,PrimeAssure,TrustInsure
HorizonNet,40,Married,High,$38,000,GlobalCoverage,WorldSecure
PrimeChoice,45,Divorced,Low,$13,000,LifeGuard,SeniorCare
OptimaShield,37,Single,Medium,$19,000,FutureSafe,NextGen
PinnacleSecure,35,Single,Medium,$19,000,PrimeAssure,TrustInsure
SummitCoverage,50,Married,High,$42,000,GlobalCoverage,WorldSecure
TitanPlan,38,Divorced,Low,$16,000,LifeGuard,SeniorCare
EliteGuard,27,Single,Medium,$18,000,FutureSafe,NextGen
GuardianSecure,60,Married,High,$40,000,UltraSecure,ShieldCo
ValorPlan,33,Widowed,Low,$14,000,SecureLife,LifeCorp
ZenithElite,45,Single,Medium,$22,000,PrimeAssure,TrustInsure
HorizonGuard,52,Married,High,$39,000,GlobalCoverage,WorldSecure
PrimeBarrier,41,Divorced,Low,$13,000,LifeGuard,SeniorCare
OptimaNet,47,Single,Medium,$20,000,FutureSafe,NextGen
SecureShield,56,Married,High,$35,000,UltraSecure,ShieldCo
LifeGuard,36,Widowed,Low,$12,000,SecureLife,LifeCorp
FutureChoice,48,Single,Medium,$21,000,PrimeAssure,TrustInsure
PrimeShield,53,Married,High,$38,000,GlobalCoverage,WorldSecure
GuardianNet,39,Divorced,Low,$15,000,LifeGuard,SeniorCare
TitanElite,61,Single,Medium,$24,000,FutureSafe,NextGen
EliteGuard,34,Married,High,$32,000,UltraSecure,ShieldCo
ValorSecure,29,Widowed,Low,$13,000,SecureLife,LifeCorp
ZenithCoverage,49,Single,Medium,$20,000,PrimeAssure,TrustInsure
HorizonNet,37,Married,High,$36,000,GlobalCoverage,WorldSecure
PrimeChoice,42,Divorced,Low,$14,000,LifeGuard,SeniorCare
OptimaShield,46,Single,Medium,$22,000,FutureSafe,NextGen
SecureGuard,58,Married,High,$33,000,UltraSecure,ShieldCo
LifeNet,31,Widowed,Low,$11,000,SecureLife,LifeCorp
FutureSecure,43,Single,Medium,$19,000,PrimeAssure,TrustInsure
PrimeElite,51,Married,High,$37,000,GlobalCoverage,WorldSecure
GuardianShield,40,Divorced,Low,$12,000,LifeGuard,SeniorCare
TitanPlan,55,Single,Medium,$23,000,FutureSafe,NextGen
EliteSecure,32,Married,High,$34,000,UltraSecure,ShieldCo
ValorGuard,44,Widowed,Low,$14,000,SecureLife,LifeCorp
ZenithGuard,59,Single,Medium,$21,000,PrimeAssure,TrustInsure
HorizonShield,36,Married,High,$35,000,GlobalCoverage,WorldSecure
PrimeProtect,57,Divorced,Low,$15,000,LifeGuard,SeniorCare
OptimaNet,38,Single,Medium,$18,000,FutureSafe,NextGen
SecurePrime,50,Married,High,$39,000,UltraSecure,ShieldCo
LifeGuard,41,Widowed,Low,$13,000,SecureLife,LifeCorp
FutureChoice,46,Single,Medium,$22,000,PrimeAssure,TrustInsure
PrimeShield,54,Married,High,$36,000,GlobalCoverage,WorldSecure
GuardianNet,39,Divorced,Low,$14,000,LifeGuard,SeniorCare
TitanElite,62,Single,Medium,$20,000,FutureSafe,NextGen
EliteGuard,33,Married,High,$34,000,UltraSecure,ShieldCo
ValorPlan,47,Widowed,Low,$12,000,SecureLife,LifeCorp
ZenithCoverage,52,Single,Medium,$21,000,PrimeAssure,TrustInsure
HorizonNet,40,Married,High,$38,000,GlobalCoverage,WorldSecure
PrimeChoice,45,Divorced,Low,$13,000,LifeGuard,SeniorCare
OptimaShield,37,Single,Medium,$19,000,FutureSafe,NextGen